iter	Accuracy	Logloss
0	0.8837041318	0.3615441057
1	0.9079745738	0.2734686156
2	0.9120196475	0.2467040489
3	0.9143311182	0.2327613876
4	0.9162091881	0.2264817444
5	0.918087258	0.2174135275
6	0.9209765964	0.2082660219
7	0.9219878648	0.2037126103
8	0.9229991332	0.2001103571
9	0.9254550708	0.1950489625
